{"Version":1,"ManifestType":"Publish","Endpoints":[{"Route":"favicon.61n19gt1b8.ico","AssetFile":"favicon.ico.br","Selectors":[{"Name":"Content-Encoding","Value":"br","Quality":"0.000491883915"}],"ResponseHeaders":[{"Name":"Cache-Control","Value":"max-age=31536000, immutable"},{"Name":"Content-Encoding","Value":"br"},{"Name":"Content-Length","Value":"2032"},{"Name":"Content-Type","Value":"image/x-icon"},{"Name":"ETag","Value":"\"sdq4OozKbzRXncJlEGD27eAyo7pvtW7fFSNznAQnLfE=\""},{"Name":"Last-Modified","Value":"Tue, 16 Dec 2025 21:49:14 GMT"},{"Name":"Vary","Value":"Accept-Encoding"}],"EndpointProperties":[{"Name":"fingerprint","Value":"61n19gt1b8"},{"Name":"integrity","Value":"sha256-Jtxf9L+5ITKRc1gIRl4VbUpGkRNfOBXjYTdhJD4facM="},{"Name":"label","Value":"favicon.ico"},{"Name":"original-resource","Value":"\"Jtxf9L+5ITKRc1gIRl4VbUpGkRNfOBXjYTdhJD4facM=\""}]},{"Route":"favicon.61n19gt1b8.ico","AssetFile":"favicon.ico.gz","Selectors":[{"Name":"Content-Encoding","Value":"gzip","Quality":"0.000405022276"}],"ResponseHeaders":[{"Name":"Cache-Control","Value":"max-age=31536000, immutable"},{"Name":"Content-Encoding","Value":"gzip"},{"Name":"Content-Length","Value":"2468"},{"Name":"Content-Type","Value":"image/x-icon"},{"Name":"ETag","Value":"\"tOy5kS1PTkjkEg7bjV8bJa0VpoEZJUHnbqYmm1YyhMg=\""},{"Name":"Last-Modified","Value":"Tue, 16 Dec 2025 21:49:14 GMT"},{"Name":"Vary","Value":"Accept-Encoding"}],"EndpointProperties":[{"Name":"fingerprint","Value":"61n19gt1b8"},{"Name":"integrity","Value":"sha256-Jtxf9L+5ITKRc1gIRl4VbUpGkRNfOBXjYTdhJD4facM="},{"Name":"label","Value":"favicon.ico"},{"Name":"original-resource","Value":"\"Jtxf9L+5ITKRc1gIRl4VbUpGkRNfOBXjYTdhJD4facM=\""}]},{"Route":"favicon.61n19gt1b8.ico","AssetFile":"favicon.ico","Selectors":[],"ResponseHeaders":[{"Name":"Cache-Control","Value":"max-age=31536000, immutable"},{"Name":"Content-Length","Value":"5430"},{"Name":"Content-Type","Value":"image/x-icon"},{"Name":"ETag","Value":"\"Jtxf9L+5ITKRc1gIRl4VbUpGkRNfOBXjYTdhJD4facM=\""},{"Name":"Last-Modified","Value":"Mon, 02 Jun 2025 16:57:59 GMT"},{"Name":"Vary","Value":"Accept-Encoding"}],"EndpointProperties":[{"Name":"fingerprint","Value":"61n19gt1b8"},{"Name":"integrity","Value":"sha256-Jtxf9L+5ITKRc1gIRl4VbUpGkRNfOBXjYTdhJD4facM="},{"Name":"label","Value":"favicon.ico"}]},{"Route":"favicon.61n19gt1b8.ico.br","AssetFile":"favicon.ico.br","Selectors":[],"ResponseHeaders":[{"Name":"Cache-Control","Value":"max-age=31536000, immutable"},{"Name":"Content-Encoding","Value":"br"},{"Name":"Content-Length","Value":"2032"},{"Name":"Content-Type","Value":"image/x-icon"},{"Name":"ETag","Value":"\"sdq4OozKbzRXncJlEGD27eAyo7pvtW7fFSNznAQnLfE=\""},{"Name":"Last-Modified","Value":"Tue, 16 Dec 2025 21:49:14 GMT"},{"Name":"Vary","Value":"Accept-Encoding"}],"EndpointProperties":[{"Name":"fingerprint","Value":"61n19gt1b8"},{"Name":"integrity","Value":"sha256-sdq4OozKbzRXncJlEGD27eAyo7pvtW7fFSNznAQnLfE="},{"Name":"label","Value":"favicon.ico.br"}]},{"Route":"favicon.61n19gt1b8.ico.gz","AssetFile":"favicon.ico.gz","Selectors":[],"ResponseHeaders":[{"Name":"Cache-Control","Value":"max-age=31536000, immutable"},{"Name":"Content-Encoding","Value":"gzip"},{"Name":"Content-Length","Value":"2468"},{"Name":"Content-Type","Value":"image/x-icon"},{"Name":"ETag","Value":"\"tOy5kS1PTkjkEg7bjV8bJa0VpoEZJUHnbqYmm1YyhMg=\""},{"Name":"Last-Modified","Value":"Tue, 16 Dec 2025 21:49:14 GMT"},{"Name":"Vary","Value":"Accept-Encoding"}],"EndpointProperties":[{"Name":"fingerprint","Value":"61n19gt1b8"},{"Name":"integrity","Value":"sha256-tOy5kS1PTkjkEg7bjV8bJa0VpoEZJUHnbqYmm1YyhMg="},{"Name":"label","Value":"favicon.ico.gz"}]},{"Route":"favicon.ico","AssetFile":"favicon.ico.br","Selectors":[{"Name":"Content-Encoding","Value":"br","Quality":"0.000491883915"}],"ResponseHeaders":[{"Name":"Cache-Control","Value":"max-age=3600, must-revalidate"},{"Name":"Content-Encoding","Value":"br"},{"Name":"Content-Length","Value":"2032"},{"Name":"Content-Type","Value":"image/x-icon"},{"Name":"ETag","Value":"\"sdq4OozKbzRXncJlEGD27eAyo7pvtW7fFSNznAQnLfE=\""},{"Name":"Last-Modified","Value":"Tue, 16 Dec 2025 21:49:14 GMT"},{"Name":"Vary","Value":"Accept-Encoding"}],"EndpointProperties":[{"Name":"integrity","Value":"sha256-Jtxf9L+5ITKRc1gIRl4VbUpGkRNfOBXjYTdhJD4facM="},{"Name":"original-resource","Value":"\"Jtxf9L+5ITKRc1gIRl4VbUpGkRNfOBXjYTdhJD4facM=\""}]},{"Route":"favicon.ico","AssetFile":"favicon.ico.gz","Selectors":[{"Name":"Content-Encoding","Value":"gzip","Quality":"0.000405022276"}],"ResponseHeaders":[{"Name":"Cache-Control","Value":"max-age=3600, must-revalidate"},{"Name":"Content-Encoding","Value":"gzip"},{"Name":"Content-Length","Value":"2468"},{"Name":"Content-Type","Value":"image/x-icon"},{"Name":"ETag","Value":"\"tOy5kS1PTkjkEg7bjV8bJa0VpoEZJUHnbqYmm1YyhMg=\""},{"Name":"Last-Modified","Value":"Tue, 16 Dec 2025 21:49:14 GMT"},{"Name":"Vary","Value":"Accept-Encoding"}],"EndpointProperties":[{"Name":"integrity","Value":"sha256-Jtxf9L+5ITKRc1gIRl4VbUpGkRNfOBXjYTdhJD4facM="},{"Name":"original-resource","Value":"\"Jtxf9L+5ITKRc1gIRl4VbUpGkRNfOBXjYTdhJD4facM=\""}]},{"Route":"favicon.ico","AssetFile":"favicon.ico","Selectors":[],"ResponseHeaders":[{"Name":"Cache-Control","Value":"max-age=3600, must-revalidate"},{"Name":"Content-Length","Value":"5430"},{"Name":"Content-Type","Value":"image/x-icon"},{"Name":"ETag","Value":"\"Jtxf9L+5ITKRc1gIRl4VbUpGkRNfOBXjYTdhJD4facM=\""},{"Name":"Last-Modified","Value":"Mon, 02 Jun 2025 16:57:59 GMT"},{"Name":"Vary","Value":"Accept-Encoding"}],"EndpointProperties":[{"Name":"integrity","Value":"sha256-Jtxf9L+5ITKRc1gIRl4VbUpGkRNfOBXjYTdhJD4facM="}]},{"Route":"favicon.ico.br","AssetFile":"favicon.ico.br","Selectors":[],"ResponseHeaders":[{"Name":"Cache-Control","Value":"max-age=3600, must-revalidate"},{"Name":"Content-Encoding","Value":"br"},{"Name":"Content-Length","Value":"2032"},{"Name":"Content-Type","Value":"image/x-icon"},{"Name":"ETag","Value":"\"sdq4OozKbzRXncJlEGD27eAyo7pvtW7fFSNznAQnLfE=\""},{"Name":"Last-Modified","Value":"Tue, 16 Dec 2025 21:49:14 GMT"},{"Name":"Vary","Value":"Accept-Encoding"}],"EndpointProperties":[{"Name":"integrity","Value":"sha256-sdq4OozKbzRXncJlEGD27eAyo7pvtW7fFSNznAQnLfE="}]},{"Route":"favicon.ico.gz","AssetFile":"favicon.ico.gz","Selectors":[],"ResponseHeaders":[{"Name":"Cache-Control","Value":"max-age=3600, must-revalidate"},{"Name":"Content-Encoding","Value":"gzip"},{"Name":"Content-Length","Value":"2468"},{"Name":"Content-Type","Value":"image/x-icon"},{"Name":"ETag","Value":"\"tOy5kS1PTkjkEg7bjV8bJa0VpoEZJUHnbqYmm1YyhMg=\""},{"Name":"Last-Modified","Value":"Tue, 16 Dec 2025 21:49:14 GMT"},{"Name":"Vary","Value":"Accept-Encoding"}],"EndpointProperties":[{"Name":"integrity","Value":"sha256-tOy5kS1PTkjkEg7bjV8bJa0VpoEZJUHnbqYmm1YyhMg="}]}]}